<?xml version="1.0" encoding="utf-8"?><!-- Copyright (c) Microsoft Corporation.  All rights reserved. --><GroupPolicyBackupScheme bkp:version="2.0" bkp:type="GroupPolicyBackupTemplate" xmlns:bkp="http://www.microsoft.com/GroupPolicy/GPOOperations" xmlns="http://www.microsoft.com/GroupPolicy/GPOOperations">
    <GroupPolicyObject><SecurityGroups><Group bkp:Source="FromDACL"><Sid><![CDATA[S-1-5-21-3606141077-2809114303-623524167-515]]></Sid><SamAccountName><![CDATA[Domain Computers]]></SamAccountName><Type><![CDATA[GlobalGroup]]></Type><NetBIOSDomainName><![CDATA[RFALABTECHTEST]]></NetBIOSDomainName><DnsDomainName><![CDATA[RFALABTECHTEST.LOCAL]]></DnsDomainName><UPN><![CDATA[Domain Computers@RFALABTECHTEST.LOCAL]]></UPN></Group><Group bkp:Source="FromDACL"><Sid><![CDATA[S-1-5-21-3606141077-2809114303-623524167-519]]></Sid><SamAccountName><![CDATA[Enterprise Admins]]></SamAccountName><Type><![CDATA[UniversalGroup]]></Type><NetBIOSDomainName><![CDATA[RFALABTECHTEST]]></NetBIOSDomainName><DnsDomainName><![CDATA[RFALABTECHTEST.LOCAL]]></DnsDomainName><UPN><![CDATA[Enterprise Admins@RFALABTECHTEST.LOCAL]]></UPN></Group><Group bkp:Source="FromDACL"><Sid><![CDATA[S-1-5-21-3606141077-2809114303-623524167-512]]></Sid><SamAccountName><![CDATA[Domain Admins]]></SamAccountName><Type><![CDATA[GlobalGroup]]></Type><NetBIOSDomainName><![CDATA[RFALABTECHTEST]]></NetBIOSDomainName><DnsDomainName><![CDATA[RFALABTECHTEST.LOCAL]]></DnsDomainName><UPN><![CDATA[Domain Admins@RFALABTECHTEST.LOCAL]]></UPN></Group></SecurityGroups><FilePaths/><GroupPolicyCoreSettings><ID><![CDATA[{690A4EC3-AD7A-4C3F-A5F6-58CCEA694815}]]></ID><Domain><![CDATA[RFALABTECHTEST.LOCAL]]></Domain><SecurityDescriptor>01 00 04 9c 00 00 00 00 00 00 00 00 00 00 00 00 14 00 00 00 04 00 48 01 0a 00 00 00 05 02 38 00 00 01 00 00 01 00 00 00 8f fd ac ed b3 ff d1 11 b4 1d 00 a0 c9 68 f9 39 01 05 00 00 00 00 00 05 15 00 00 00 95 58 f1 d6 bf ae 6f a7 47 39 2a 25 03 02 00 00 05 02 28 00 00 01 00 00 01 00 00 00 8f fd ac ed b3 ff d1 11 b4 1d 00 a0 c9 68 f9 39 01 01 00 00 00 00 00 05 0b 00 00 00 00 00 24 00 ff 00 0f 00 01 05 00 00 00 00 00 05 15 00 00 00 95 58 f1 d6 bf ae 6f a7 47 39 2a 25 00 02 00 00 00 02 24 00 14 00 02 00 01 05 00 00 00 00 00 05 15 00 00 00 95 58 f1 d6 bf ae 6f a7 47 39 2a 25 03 02 00 00 00 02 24 00 ff 00 0f 00 01 05 00 00 00 00 00 05 15 00 00 00 95 58 f1 d6 bf ae 6f a7 47 39 2a 25 00 02 00 00 00 02 24 00 ff 00 0f 00 01 05 00 00 00 00 00 05 15 00 00 00 95 58 f1 d6 bf ae 6f a7 47 39 2a 25 07 02 00 00 00 02 14 00 94 00 02 00 01 01 00 00 00 00 00 05 09 00 00 00 00 02 14 00 94 00 02 00 01 01 00 00 00 00 00 05 0b 00 00 00 00 02 14 00 ff 00 0f 00 01 01 00 00 00 00 00 05 12 00 00 00 00 0a 14 00 ff 00 0f 00 01 01 00 00 00 00 00 03 00 00 00 00</SecurityDescriptor><DisplayName><![CDATA[RFA RMM Policy]]></DisplayName><Options><![CDATA[0]]></Options><UserVersionNumber><![CDATA[0]]></UserVersionNumber><MachineVersionNumber><![CDATA[393222]]></MachineVersionNumber><MachineExtensionGuids><![CDATA[[{35378EAC-683F-11D2-A89A-00C04FBBCFA2}{D02B1F72-3407-48AE-BA88-E8213C6761F1}][{827D319E-6EAC-11D2-A4EA-00C04F79F83A}{803E14A0-B4FB-11D0-A0D0-00A0C90F574B}]]]></MachineExtensionGuids><UserExtensionGuids/><WMIFilter/></GroupPolicyCoreSettings> 
        <GroupPolicyExtension bkp:ID="{35378EAC-683F-11D2-A89A-00C04FBBCFA2}" bkp:DescName="Registry">
            <FSObjectFile bkp:Path="%GPO_MACH_FSPATH%\registry.pol" bkp:SourceExpandedPath="\\RFALABTECH2012.RFALABTECHTEST.LOCAL\sysvol\RFALABTECHTEST.LOCAL\Policies\{690A4EC3-AD7A-4C3F-A5F6-58CCEA694815}\Machine\registry.pol" bkp:Location="DomainSysvol\GPO\Machine\registry.pol"/>
            
            <FSObjectFile bkp:Path="%GPO_FSPATH%\Adm\*.*" bkp:SourceExpandedPath="\\RFALABTECH2012.RFALABTECHTEST.LOCAL\sysvol\RFALABTECHTEST.LOCAL\Policies\{690A4EC3-AD7A-4C3F-A5F6-58CCEA694815}\Adm\*.*"/>
        </GroupPolicyExtension>
        
        
        
        
        <GroupPolicyExtension bkp:ID="{827D319E-6EAC-11D2-A4EA-00C04F79F83A}" bkp:DescName="Security">
            <FSObjectFile bkp:Path="%GPO_MACH_FSPATH%\microsoft\windows nt\SecEdit\GptTmpl.inf" bkp:SourceExpandedPath="\\RFALABTECH2012.RFALABTECHTEST.LOCAL\sysvol\RFALABTECHTEST.LOCAL\Policies\{690A4EC3-AD7A-4C3F-A5F6-58CCEA694815}\Machine\microsoft\windows nt\SecEdit\GptTmpl.inf" bkp:ReEvaluateFunction="SecurityValidateSettings" bkp:Location="DomainSysvol\GPO\Machine\microsoft\windows nt\SecEdit\GptTmpl.inf"/>
        </GroupPolicyExtension>
        
        
        
        
    <GroupPolicyExtension bkp:ID="{F15C46CD-82A0-4C2D-A210-5D0D3182A418}" bkp:DescName="Unknown Extension"><FSObjectFile bkp:Path="%GPO_MACH_FSPATH%\comment.cmtx" bkp:SourceExpandedPath="\\RFALABTECH2012.RFALABTECHTEST.LOCAL\sysvol\RFALABTECHTEST.LOCAL\Policies\{690A4EC3-AD7A-4C3F-A5F6-58CCEA694815}\Machine\comment.cmtx" bkp:Location="DomainSysvol\GPO\Machine\comment.cmtx"/><FSObjectDir bkp:Path="%GPO_MACH_FSPATH%\Microsoft" bkp:SourceExpandedPath="\\RFALABTECH2012.RFALABTECHTEST.LOCAL\sysvol\RFALABTECHTEST.LOCAL\Policies\{690A4EC3-AD7A-4C3F-A5F6-58CCEA694815}\Machine\Microsoft" bkp:Location="DomainSysvol\GPO\Machine\Microsoft"/><FSObjectDir bkp:Path="%GPO_MACH_FSPATH%\Microsoft\Windows NT" bkp:SourceExpandedPath="\\RFALABTECH2012.RFALABTECHTEST.LOCAL\sysvol\RFALABTECHTEST.LOCAL\Policies\{690A4EC3-AD7A-4C3F-A5F6-58CCEA694815}\Machine\Microsoft\Windows NT" bkp:Location="DomainSysvol\GPO\Machine\Microsoft\Windows NT"/><FSObjectDir bkp:Path="%GPO_MACH_FSPATH%\Microsoft\Windows NT\SecEdit" bkp:SourceExpandedPath="\\RFALABTECH2012.RFALABTECHTEST.LOCAL\sysvol\RFALABTECHTEST.LOCAL\Policies\{690A4EC3-AD7A-4C3F-A5F6-58CCEA694815}\Machine\Microsoft\Windows NT\SecEdit" bkp:Location="DomainSysvol\GPO\Machine\Microsoft\Windows NT\SecEdit"/><FSObjectDir bkp:Path="%GPO_MACH_FSPATH%\Scripts" bkp:SourceExpandedPath="\\RFALABTECH2012.RFALABTECHTEST.LOCAL\sysvol\RFALABTECHTEST.LOCAL\Policies\{690A4EC3-AD7A-4C3F-A5F6-58CCEA694815}\Machine\Scripts" bkp:Location="DomainSysvol\GPO\Machine\Scripts"/><FSObjectDir bkp:Path="%GPO_MACH_FSPATH%\Scripts\Shutdown" bkp:SourceExpandedPath="\\RFALABTECH2012.RFALABTECHTEST.LOCAL\sysvol\RFALABTECHTEST.LOCAL\Policies\{690A4EC3-AD7A-4C3F-A5F6-58CCEA694815}\Machine\Scripts\Shutdown" bkp:Location="DomainSysvol\GPO\Machine\Scripts\Shutdown"/><FSObjectDir bkp:Path="%GPO_MACH_FSPATH%\Scripts\Startup" bkp:SourceExpandedPath="\\RFALABTECH2012.RFALABTECHTEST.LOCAL\sysvol\RFALABTECHTEST.LOCAL\Policies\{690A4EC3-AD7A-4C3F-A5F6-58CCEA694815}\Machine\Scripts\Startup" bkp:Location="DomainSysvol\GPO\Machine\Scripts\Startup"/></GroupPolicyExtension></GroupPolicyObject>
</GroupPolicyBackupScheme>