<BackupInst xmlns="http://www.microsoft.com/GroupPolicy/GPOOperations/Manifest"><GPOGuid><![CDATA[{690A4EC3-AD7A-4C3F-A5F6-58CCEA694815}]]></GPOGuid><GPODomain><![CDATA[RFALABTECHTEST.LOCAL]]></GPODomain><GPODomainGuid><![CDATA[{696f47de-fc64-4b81-a78a-57cd7f1b63e0}]]></GPODomainGuid><GPODomainController><![CDATA[RFALABTECH2012.RFALABTECHTEST.LOCAL]]></GPODomainController><BackupTime><![CDATA[2019-12-11T19:17:47]]></BackupTime><ID><![CDATA[{1493CCA4-4DB4-4AAA-8E03-8F8C1CFAA88D}]]></ID><Comment><![CDATA[]]></Comment><GPODisplayName><![CDATA[RFA RMM Policy]]></GPODisplayName></BackupInst>
